codigo_ibge,shapefile_nome,date,organiccarbonbiofuelemissions_max,organiccarbonbiofuelemissions_min,organiccarbonbiofuelemissions_mea,organiccarbonbiogenicemissions_max,organiccarbonbiogenicemissions_min,organiccarbonbiogenicemissions_mea,organiccarbonanthropogenicemissions_max,organiccarbonanthropogenicemissions_min,organiccarbonanthropogenicemissions_mea,organiccarbonbiomassburningemissions_max,organiccarbonbiomassburningemissions_min,organiccarbonbiomassburningemissions_mea,blackcarbonbiomassburning_max,blackcarbonbiomassburning_min,blackcarbonbiomassburning_mea,blackcarbonbiofuel_max,blackcarbonbiofuel_min,blackcarbonbiofuel_mea,so2antropogenico_max,so2antropogenico_min,so2antropogenico_mea,so4antropogenico_max,so4antropogenico_min,so4antropogenico_mea,so2biomassburning_max,so2biomassburning_min,so2biomassburning_mea,blackcarbonantrogonenico_max,blackcarbonantrogonenico_min,blackcarbonantrogonenico_mea,comerra2_max,comerra2_min,comerra2_mea,o3merra2_max,o3merra2_min,o3merra2_mea,o3omi_max,o3omi_min,o3omi_mea,aodterramodis_max,aodterramodis_min,aodterramodis_mea
3550308,SP_São_Paulo,2024-01-01,0.0,0.0,0.0,8.469669410260394e-12,8.469669410260394e-12,8.469669410260394e-12,4.790479124494596e-11,4.790479124494596e-11,4.790479124494596e-11,3.26050297871916e-12,1.6139867220488213e-14,6.870594949452228e-13,3.2873703759150885e-13,1.6276043013352393e-15,6.928476528033263e-14,0.0,0.0,0.0,4.799858288606629e-10,4.799858288606629e-10,4.799858288606629e-10,2.2346569039655148e-11,2.2346569039655148e-11,2.2346569039655148e-11,2.396971510165713e-13,1.186550857568136e-15,5.0518129176418964e-14,1.9099388737231493e-11,1.9099388737231493e-11,1.9099388737231493e-11,7.639755494892597e-09,7.610651664435863e-09,7.61747287469916e-09,271.8174133300781,264.0826721191406,266.3192596435547,271.8174133300781,264.0826721191406,266.3192596435547,0.2559000253677368,0.1039517372846603,0.16752223515262202
3550308,SP_São_Paulo,2024-01-02,0.0,0.0,0.0,8.44124770082999e-12,8.44124770082999e-12,8.44124770082999e-12,4.790479124494596e-11,4.790479124494596e-11,4.790479124494596e-11,6.408207298136405e-13,3.17280923756158e-15,1.3505060784957393e-13,6.464273560879974e-14,3.1994806110047236e-16,1.3620217511704317e-14,0.0,0.0,0.0,4.799858288606629e-10,4.799858288606629e-10,4.799858288606629e-10,2.2346569039655148e-11,2.2346569039655148e-11,2.2346569039655148e-11,4.7128967395337895e-14,2.333203075188805e-16,9.93130997000343e-15,1.9099388737231493e-11,1.9099388737231493e-11,1.9099388737231493e-11,7.621565600857139e-09,7.617927622050047e-09,7.618533951851228e-09,272.2170104980469,266.853515625,269.0380261739095,272.2170104980469,266.853515625,269.0380261739095,0.2935177385807037,0.1153536438941955,0.2049284024784962
3550308,SP_São_Paulo,2024-01-03,0.0,0.0,0.0,8.412825991399586e-12,8.412825991399586e-12,8.412825991399586e-12,4.790479124494596e-11,4.790479124494596e-11,4.790479124494596e-11,2.6434410216324977e-13,1.3084151817555068e-15,5.5700832401334166e-14,2.6652291484907664e-14,1.3194740439148591e-16,5.616569311780543e-15,0.0,0.0,0.0,4.799858288606629e-10,4.799858288606629e-10,4.799858288606629e-10,2.2346569039655148e-11,2.2346569039655148e-11,2.2346569039655148e-11,1.9435841824844147e-14,9.619583775377638e-17,4.09561775227725e-15,1.9099388737231493e-11,1.9099388737231493e-11,1.9099388737231493e-11,7.62520357966423e-09,7.621565600857139e-09,7.621717183307434e-09,268.5758056640625,264.61090087890625,266.1748224894206,268.5758056640625,264.61090087890625,266.1748224894206,0.2888267934322357,0.1275578141212463,0.20210920460522172
3550308,SP_São_Paulo,2024-01-04,0.0,0.0,0.0,8.387956995647983e-12,8.387956995647983e-12,8.387956995647983e-12,4.790479124494596e-11,4.790479124494596e-11,4.790479124494596e-11,1.7111312367035225e-14,8.470329472543002e-17,3.605344918011094e-15,1.7251824968589349e-15,8.541480240112366e-18,3.635622110710699e-16,0.0,0.0,0.0,4.799858288606629e-10,4.799858288606629e-10,4.799858288606629e-10,2.2346569039655148e-11,2.2346569039655148e-11,2.2346569039655148e-11,1.2581082009521791e-15,6.227386228213616e-18,2.651067717583348e-16,1.9099388737231493e-11,1.9099388737231493e-11,1.9099388737231493e-11,7.62520357966423e-09,7.62520357966423e-09,7.62520357966423e-09,275.49786376953125,258.80377197265625,264.5391209920247,275.49786376953125,258.80377197265625,264.5391209920247,0.113576591014862,0.0381828844547271,0.06940021350358919
3550308,SP_São_Paulo,2024-01-05,0.0,0.0,0.0,8.359535286217579e-12,8.359535286217579e-12,8.359535286217579e-12,4.790479124494596e-11,4.790479124494596e-11,4.790479124494596e-11,1.4712623480628295e-16,7.28660092875512e-19,3.102188465565924e-17,1.4840017235895342e-17,7.348010817431055e-20,3.128444501697337e-18,0.0,0.0,0.0,4.799858288606629e-10,4.799858288606629e-10,4.799858288606629e-10,2.2346569039655148e-11,2.2346569039655148e-11,2.2346569039655148e-11,1.0821692934120941e-17,5.3574833913834496e-20,2.2810475949735135e-18,1.9099388737231493e-11,1.9099388737231493e-11,1.9099388737231493e-11,7.628841558471322e-09,7.628841558471322e-09,7.628841558471322e-09,275.2176818847656,260.5480041503906,267.5130271911621,275.2176818847656,260.5480041503906,267.5130271911621,0.0898673459887504,0.0512713119387626,0.07206927829732493
3550308,SP_São_Paulo,2024-01-06,0.0,0.0,0.0,8.331113576787175e-12,8.331113576787175e-12,8.331113576787175e-12,4.790479124494596e-11,4.790479124494596e-11,4.790479124494596e-11,4.512991542970912e-18,2.235372887363302e-20,9.51762836063381e-19,4.55068450912373e-19,2.2540671692070004e-21,9.597680143047984e-20,0.0,0.0,0.0,4.799858288606629e-10,4.799858288606629e-10,4.799858288606629e-10,2.2346569039655148e-11,2.2346569039655148e-11,2.2346569039655148e-11,3.3182515708687216e-19,1.643607877142866e-21,6.997882497066787e-20,1.9099388737231493e-11,1.9099388737231493e-11,1.9099388737231493e-11,7.632479537278414e-09,7.632479537278414e-09,7.632479537278414e-09,273.31201171875,264.2505798339844,269.8097788492839,273.31201171875,264.2505798339844,269.8097788492839,0.131682738661766,0.0564170256257057,0.08569075291355448
3550308,SP_São_Paulo,2024-01-07,0.0,0.0,0.0,8.302691867356769e-12,8.302691867356769e-12,8.302691867356769e-12,4.790479124494596e-11,4.790479124494596e-11,4.790479124494596e-11,4.085620730620576e-11,2.0222712393547226e-13,8.610054798759611e-12,3.703704010149522e-12,1.8332557694122894e-14,7.806270097924598e-13,0.0,0.0,0.0,4.799858288606629e-10,4.799858288606629e-10,4.799858288606629e-10,2.2346569039655148e-11,2.2346569039655148e-11,2.2346569039655148e-11,3.198330489340151e-12,1.5834555888716295e-14,6.74134359446299e-13,1.9099388737231493e-11,1.9099388737231493e-11,1.9099388737231493e-11,7.934431778267026e-09,7.639755494892597e-09,7.700236892560497e-09,272.7447814941406,261.7823181152344,266.1937777201335,272.7447814941406,261.7823181152344,266.1937777201335,0.1396648734807968,0.0671126469969749,0.103277093420426
3550308,SP_São_Paulo,2024-01-08,0.0,0.0,0.0,8.277822871605167e-12,8.277822871605167e-12,8.277822871605167e-12,4.790479124494596e-11,4.790479124494596e-11,4.790479124494596e-11,2.295941214924824e-12,1.1369377661551994e-14,4.839148468512485e-13,2.0816681711721685e-13,1.0304257447302234e-15,4.387303599121909e-14,0.0,0.0,0.0,4.799858288606629e-10,4.799858288606629e-10,4.799858288606629e-10,2.2346569039655148e-11,2.2346569039655148e-11,2.2346569039655148e-11,1.798006188380441e-13,8.89913143176102e-16,3.7893715220070164e-14,1.9099388737231493e-11,1.9099388737231493e-11,1.9099388737231493e-11,7.657945388928056e-09,7.643393473699689e-09,7.646121957805008e-09,268.67608642578125,264.85357666015625,266.98522694905597,268.67608642578125,264.85357666015625,266.98522694905597,0.1842396408319473,0.0828019231557846,0.11260766598085559
3550308,SP_São_Paulo,2024-01-09,0.0,0.0,0.0,8.249401162174763e-12,8.249401162174763e-12,8.249401162174763e-12,4.790479124494596e-11,4.790479124494596e-11,4.790479124494596e-11,3.0880187296133954e-11,1.5293322164211534e-13,6.510350129366553e-12,3.113953539468639e-12,1.541822225448186e-14,6.563930533369048e-13,0.0,0.0,0.0,4.799858288606629e-10,4.799858288606629e-10,4.799858288606629e-10,2.2346569039655148e-11,2.2346569039655148e-11,2.2346569039655148e-11,2.2710722191732202e-12,1.1247947018233616e-14,4.787906182635027e-13,1.9099388737231493e-11,1.9099388737231493e-11,1.9099388737231493e-11,7.847120286896825e-09,7.64703145250678e-09,7.68871662633804e-09,265.7359313964844,262.0843811035156,263.97562917073566,265.7359313964844,262.0843811035156,263.97562917073566,0.2174690216779709,0.0793597251176834,0.12194648571312423
3550308,SP_São_Paulo,2024-01-10,0.0,0.0,0.0,8.220979452744359e-12,8.220979452744359e-12,8.220979452744359e-12,4.790479124494596e-11,4.790479124494596e-11,4.790479124494596e-11,6.23856521997368e-12,3.089195566019498e-14,1.3150175393050745e-12,6.288303211476888e-13,3.1138286393783687e-15,1.3257674761254132e-13,0.0,0.0,0.0,4.799858288606629e-10,4.799858288606629e-10,4.799858288606629e-10,2.2346569039655148e-11,2.2346569039655148e-11,2.2346569039655148e-11,4.587441537751147e-13,2.271620391791629e-15,9.671202640809673e-14,1.9099388737231493e-11,1.9099388737231493e-11,1.9099388737231493e-11,7.690687198191881e-09,7.650669431313872e-09,7.659309630980715e-09,268.7298583984375,262.1096496582031,264.7287534077962,268.7298583984375,262.1096496582031,264.7287534077962,0.2613311111927032,0.0780199617147445,0.15566064448406294
3550308,SP_São_Paulo,2024-01-11,0.0,0.0,0.0,8.192557743313955e-12,8.192557743313955e-12,8.192557743313955e-12,4.790479124494596e-11,4.790479124494596e-11,4.790479124494596e-11,1.0875744749228031e-12,5.386316392907986e-15,2.2928902700114495e-13,1.0966227925734985e-13,5.429684479807406e-16,2.311683469068589e-14,0.0,0.0,0.0,4.799858288606629e-10,4.799858288606629e-10,4.799858288606629e-10,2.2346569039655148e-11,2.2346569039655148e-11,2.2346569039655148e-11,7.999156892424254e-14,3.9605905360895477e-16,1.6863179147334765e-14,1.9099388737231493e-11,1.9099388737231493e-11,1.9099388737231493e-11,7.661583367735147e-09,7.654307410120964e-09,7.656277981974805e-09,268.97479248046875,261.6971130371094,265.0039227803548,268.97479248046875,261.6971130371094,265.0039227803548,0.2441545873880386,0.0669456869363784,0.10633343954881029
3550308,SP_São_Paulo,2024-01-12,0.0,0.0,0.0,8.164136033883551e-12,8.164136033883551e-12,8.164136033883551e-12,4.790479124494596e-11,4.790479124494596e-11,4.790479124494596e-11,7.498446308318307e-13,3.712308238590367e-15,1.5808267600040762e-13,7.560618797697316e-14,3.742665899419961e-16,1.5936561243110974e-14,0.0,0.0,0.0,4.799858288606629e-10,4.799858288606629e-10,4.799858288606629e-10,2.2346569039655148e-11,2.2346569039655148e-11,2.2346569039655148e-11,5.515032874825466e-14,2.7300210703185e-16,1.1626030903324572e-14,1.9099388737231493e-11,1.9099388737231493e-11,1.9099388737231493e-11,7.665221346542241e-09,7.661583367735147e-09,7.662189697536329e-09,266.2991027832031,262.86358642578125,264.20007069905597,266.2991027832031,262.86358642578125,264.20007069905597,0.1403258442878723,0.069813996553421,0.09974271524697538
3550308,SP_São_Paulo,2024-01-13,0.0,0.0,0.0,8.139267038131948e-12,8.139267038131948e-12,8.139267038131948e-12,4.790479124494596e-11,4.790479124494596e-11,4.790479124494596e-11,5.011546733157958e-13,2.4815219323848225e-15,1.0565799537370912e-13,5.0529025408252443e-14,2.502338614096544e-16,1.0651342185278209e-14,0.0,0.0,0.0,4.799858288606629e-10,4.799858288606629e-10,4.799858288606629e-10,2.2346569039655148e-11,2.2346569039655148e-11,2.2346569039655148e-11,3.6859404417555203e-14,1.8252543573793467e-16,7.770280458559849e-15,1.9099388737231493e-11,1.9099388737231493e-11,1.9099388737231493e-11,7.668859325349331e-09,7.665221346542241e-09,7.66552451144283e-09,265.5845642089844,257.14715576171875,261.1469904581706,265.5845642089844,257.14715576171875,261.1469904581706,0.1418035626411438,0.0627330094575882,0.11162058760722475
3550308,SP_São_Paulo,2024-01-14,0.0,0.0,0.0,8.110845328701544e-12,8.110845328701544e-12,8.110845328701544e-12,4.790479124494596e-11,4.790479124494596e-11,4.790479124494596e-11,1.02147623692872e-10,5.055955654142963e-13,2.1526336269062085e-11,1.0299316954842652e-11,5.098699240591032e-14,2.1705854706214702e-12,0.0,0.0,0.0,4.799858288606629e-10,4.799858288606629e-10,4.799858288606629e-10,2.2346569039655148e-11,2.2346569039655148e-11,2.2346569039655148e-11,7.510436716984259e-12,3.7178593537134936e-14,1.5828576875135762e-12,1.9099388737231493e-11,1.9099388737231493e-11,1.9099388737231493e-11,8.323695510625841e-09,7.672497304156423e-09,7.807405684919408e-09,267.3121643066406,261.9399108886719,264.3221969604492,267.3121643066406,261.9399108886719,264.3221969604492,0.1590123474597931,0.0700466632843017,0.12447659143557148
3550308,SP_São_Paulo,2024-01-15,0.0,0.0,0.0,8.164136033883551e-12,8.164136033883551e-12,8.164136033883551e-12,4.790479124494596e-11,4.790479124494596e-11,4.790479124494596e-11,3.112177182629239e-12,1.5404344466674047e-14,6.55907041643052e-13,3.1386004906153175e-13,1.553878553606225e-15,6.614538560975602e-14,0.0,0.0,0.0,4.799858288606629e-10,4.799858288606629e-10,4.799858288606629e-10,2.2346569039655148e-11,2.2346569039655148e-11,2.2346569039655148e-11,2.288169653752448e-13,1.132774429812855e-15,4.822802313758646e-14,1.9099388737231493e-11,1.9099388737231493e-11,1.9099388737231493e-11,7.694325176998973e-09,7.672497304156423e-09,7.676741612764696e-09,267.8074645996094,261.30841064453125,264.36971918741864,267.8074645996094,261.30841064453125,264.36971918741864,0.1130344569683075,0.0699669644236564,0.08790944237262005
3550308,SP_São_Paulo,2024-01-16,0.0,0.0,0.0,8.220979452744359e-12,8.220979452744359e-12,8.220979452744359e-12,4.790479124494596e-11,4.790479124494596e-11,4.790479124494596e-11,2.9345414986892138e-12,1.4557799410397365e-14,6.203590881733353e-13,2.959854583650668e-13,1.4675760606763788e-15,6.255803167154462e-14,0.0,0.0,0.0,4.799858288606629e-10,4.799858288606629e-10,4.799858288606629e-10,2.2346569039655148e-11,2.2346569039655148e-11,2.2346569039655148e-11,2.1577184483589922e-13,1.0703243846776902e-15,4.561505976182398e-14,1.9099388737231493e-11,1.9099388737231493e-11,1.9099388737231493e-11,7.697963155806065e-09,7.676135282963514e-09,7.680531174022084e-09,264.9929504394531,258.1921081542969,260.87571207682294,264.9929504394531,258.1921081542969,260.87571207682294,0.1116371527314186,0.0771071687340736,0.08844277883569396
3550308,SP_São_Paulo,2024-01-17,0.0,0.0,0.0,8.274270157926367e-12,8.274270157926367e-12,8.274270157926367e-12,4.790479124494596e-11,4.790479124494596e-11,4.790479124494596e-11,9.2237328885858e-13,4.576200529626817e-15,1.950288888719065e-13,9.303668946358813e-14,4.614364446098307e-16,1.9667165393362034e-14,0.0,0.0,0.0,4.799858288606629e-10,4.799858288606629e-10,4.799858288606629e-10,2.2346569039655148e-11,2.2346569039655148e-11,2.2346569039655148e-11,6.783462680459706e-14,3.3642793412225203e-16,1.4341410726805465e-14,1.9099388737231493e-11,1.9099388737231493e-11,1.9099388737231493e-11,7.683411240577698e-09,7.676135282963514e-09,7.679015349519128e-09,259.8613586425781,255.09893798828125,257.87705485026044,259.8613586425781,255.09893798828125,257.87705485026044,0.1354358792304992,0.0711325705051422,0.0912339091300964
3550308,SP_São_Paulo,2024-01-18,0.0,0.0,0.0,8.327560863108374e-12,8.327560863108374e-12,8.327560863108374e-12,4.790479124494596e-11,4.790479124494596e-11,4.790479124494596e-11,8.648637361829971e-14,4.290187996525141e-16,1.8285661432653848e-14,8.722189637211386e-15,4.3259666682171627e-17,1.8439489392138805e-15,0.0,0.0,0.0,4.799858288606629e-10,4.799858288606629e-10,4.799858288606629e-10,2.2346569039655148e-11,2.2346569039655148e-11,2.2346569039655148e-11,6.359496262930975e-15,3.155028321932818e-17,1.3445490425967436e-15,1.9099388737231493e-11,1.9099388737231493e-11,1.9099388737231493e-11,7.679773261770606e-09,7.679773261770606e-09,7.679773261770606e-09,260.343505859375,254.74530029296875,257.95152537027997,260.343505859375,254.74530029296875,257.95152537027997,0.1674828231334686,0.0975572541356086,0.13310267558942235
3550308,SP_São_Paulo,2024-01-19,0.0,0.0,0.0,8.384404281969182e-12,8.384404281969182e-12,8.384404281969182e-12,4.790479124494596e-11,4.790479124494596e-11,4.790479124494596e-11,4.755307259074471e-12,2.3592239273284576e-14,1.0054856253161049e-12,4.796163466380676e-13,2.379173247302191e-15,1.0138988896143027e-13,0.0,0.0,0.0,4.799858288606629e-10,4.799858288606629e-10,4.799858288606629e-10,2.2346569039655148e-11,2.2346569039655148e-11,2.2346569039655148e-11,3.497202527569243e-13,1.7347234759768069e-15,7.392907177642775e-14,1.9099388737231493e-11,1.9099388737231493e-11,1.9099388737231493e-11,7.719791028648615e-09,7.683411240577698e-09,7.69038403329129e-09,258.0688171386719,249.503662109375,252.79882748921713,258.0688171386719,249.503662109375,252.79882748921713,0.114163838326931,0.0648616254329681,0.08760433737188573
3550308,SP_São_Paulo,2024-01-20,0.0,0.0,0.0,8.43769498715119e-12,8.43769498715119e-12,8.43769498715119e-12,4.790479124494596e-11,4.790479124494596e-11,4.790479124494596e-11,3.461231301571388e-12,1.7166823518266483e-14,7.316840998824089e-13,3.490541189421492e-13,1.7312540290248537e-15,7.378780023335289e-14,0.0,0.0,0.0,4.799858288606629e-10,4.799858288606629e-10,4.799858288606629e-10,2.2346569039655148e-11,2.2346569039655148e-11,2.2346569039655148e-11,2.5446311724408593e-13,1.2624450096421214e-15,5.380243053738446e-14,1.9099388737231493e-11,1.9099388737231493e-11,1.9099388737231493e-11,7.712515071034431e-09,7.683411240577698e-09,7.690535615741586e-09,264.861572265625,253.0093231201172,258.0704091389974,264.861572265625,253.0093231201172,258.0704091389974,0.2239582687616348,0.1311510652303695,0.1684654696534077
3550308,SP_São_Paulo,2024-01-21,0.0,0.0,0.0,8.494538406011998e-12,8.494538406011998e-12,8.494538406011998e-12,4.790479124494596e-11,4.790479124494596e-11,4.790479124494596e-11,1.2105871860512709e-12,6.005612673831706e-15,2.5594587213517705e-13,1.2206902155753596e-13,6.056353335504028e-16,2.581016455248386e-14,0.0,0.0,0.0,4.799858288606629e-10,4.799858288606629e-10,4.799858288606629e-10,2.2346569039655148e-11,2.2346569039655148e-11,2.2346569039655148e-11,8.901213099932194e-14,4.414871246360974e-16,1.8819752975347364e-14,1.9099388737231493e-11,1.9099388737231493e-11,1.9099388737231493e-11,7.697963155806065e-09,7.687049219384791e-09,7.688868208788337e-09,265.7854309082031,260.3284912109375,262.7938054402669,265.7854309082031,260.3284912109375,262.7938054402669,0.1540475934743881,0.0634163692593574,0.09416813123971218
3550308,SP_São_Paulo,2024-01-22,0.0,0.0,0.0,8.547829111194005e-12,8.547829111194005e-12,8.547829111194005e-12,4.790479124494596e-11,4.790479124494596e-11,4.790479124494596e-11,1.653122083666858e-13,8.198736828335386e-16,3.49473867813227e-14,1.6667223157185163e-14,8.26704156520197e-17,3.524141563423719e-15,0.0,0.0,0.0,4.799858288606629e-10,4.799858288606629e-10,4.799858288606629e-10,2.2346569039655148e-11,2.2346569039655148e-11,2.2346569039655148e-11,1.215347267269351e-14,6.028164079019405e-17,2.56949703304118e-15,1.9099388737231493e-11,1.9099388737231493e-11,1.9099388737231493e-11,7.690687198191881e-09,7.690687198191881e-09,7.690687198191881e-09,266.6376037597656,259.6039733886719,262.8623453776042,266.6376037597656,259.6039733886719,262.8623453776042,0.16487817466259,0.0810134261846542,0.11196352386226253
3550308,SP_São_Paulo,2024-01-23,0.0,0.0,0.0,8.601119816376013e-12,8.601119816376013e-12,8.601119816376013e-12,4.790479124494596e-11,4.790479124494596e-11,4.790479124494596e-11,1.1232681451645021e-13,5.570630762230522e-16,2.3747614479619854e-14,1.132774429812855e-14,5.618877758906127e-17,2.3947202547047277e-15,0.0,0.0,0.0,4.799858288606629e-10,4.799858288606629e-10,4.799858288606629e-10,2.2346569039655148e-11,2.2346569039655148e-11,2.2346569039655148e-11,8.260753192601555e-15,4.0969289592796e-17,1.7463667908697647e-15,1.9099388737231493e-11,1.9099388737231493e-11,1.9099388737231493e-11,7.694325176998973e-09,7.690687198191881e-09,7.691141945542768e-09,267.0858764648437,260.60791015625,264.4430440266927,267.0858764648437,260.60791015625,264.4430440266927,0.1241581588983535,0.0680674239993095,0.10108955111354584
3550308,SP_São_Paulo,2024-01-24,0.0,0.0,0.0,8.657963235236819e-12,8.657963235236819e-12,8.657963235236819e-12,4.790479124494596e-11,4.790479124494596e-11,4.790479124494596e-11,1.3863910020006642e-14,6.876552278989312e-17,2.931323532431168e-15,1.3981871216373065e-15,6.935505772118211e-18,2.9559741676064784e-16,0.0,0.0,0.0,4.799858288606629e-10,4.799858288606629e-10,4.799858288606629e-10,2.2346569039655148e-11,2.2346569039655148e-11,2.2346569039655148e-11,1.0195837230053684e-15,5.056786695108173e-18,2.1554023892306554e-16,1.9099388737231493e-11,1.9099388737231493e-11,1.9099388737231493e-11,7.694325176998973e-09,7.694325176998973e-09,7.694325176998973e-09,277.6015014648437,261.7181701660156,267.55307388305664,277.6015014648437,261.7181701660156,267.55307388305664,0.1104820296168327,0.051355879753828,0.08206868637353178
3550308,SP_São_Paulo,2024-01-25,0.0,0.0,0.0,8.711253940418828e-12,8.711253940418828e-12,8.711253940418828e-12,4.790479124494596e-11,4.790479124494596e-11,4.790479124494596e-11,4.599124205794834e-21,2.2766853890814973e-23,9.693240075607362e-22,4.638415284891104e-22,2.2957493172614303e-24,9.775311902009109e-23,0.0,0.0,0.0,4.799858288606629e-10,4.799858288606629e-10,4.799858288606629e-10,2.2346569039655148e-11,2.2346569039655148e-11,2.2346569039655148e-11,3.3821347295761924e-22,1.6745560642797133e-24,7.127169372780404e-23,1.9099388737231493e-11,1.9099388737231493e-11,1.9099388737231493e-11,7.697963155806065e-09,7.697963155806065e-09,7.697963155806065e-09,277.3779296875,265.3052978515625,271.39090220133465,277.3779296875,265.3052978515625,271.39090220133465,0.4089165031909942,0.0656766891479492,0.16475535277277228
3550308,SP_São_Paulo,2024-01-26,0.0,0.0,0.0,8.764544645600836e-12,8.764544645600836e-12,8.764544645600836e-12,4.790479124494596e-11,4.790479124494596e-11,4.790479124494596e-11,6.79322078059174e-22,3.36365241276446e-24,1.4317077379260307e-22,6.85008944770476e-23,3.3917232392158447e-25,1.4436924493788012e-23,0.0,0.0,0.0,4.799858288606629e-10,4.799858288606629e-10,4.799858288606629e-10,2.2346569039655148e-11,2.2346569039655148e-11,2.2346569039655148e-11,4.9953954179960187e-23,2.47285805681441e-25,1.052759069751867e-23,1.9099388737231493e-11,1.9099388737231493e-11,1.9099388737231493e-11,7.697963155806065e-09,7.697963155806065e-09,7.697963155806065e-09,278.61016845703125,267.9285888671875,272.9449170430501,278.61016845703125,267.9285888671875,272.9449170430501,0.1375557482242584,0.0598195008933544,0.08705870915825165
3550308,SP_São_Paulo,2024-01-27,0.0,0.0,0.0,8.821388064461644e-12,8.821388064461644e-12,8.821388064461644e-12,4.790479124494596e-11,4.790479124494596e-11,4.790479124494596e-11,1.2779940463944278e-22,6.327043113107021e-25,2.6936692697908177e-23,1.2889154154195421e-23,6.381569178875897e-26,2.716448838015796e-24,0.0,0.0,0.0,4.799858288606629e-10,4.799858288606629e-10,4.799858288606629e-10,2.2346569039655148e-11,2.2346569039655148e-11,2.2346569039655148e-11,9.399485944987334e-24,4.652386074631439e-26,1.9808234221227192e-24,1.9099388737231493e-11,1.9099388737231493e-11,1.9099388737231493e-11,7.701601134613156e-09,7.701601134613156e-09,7.701601134613156e-09,275.60986328125,271.0140380859375,272.9936383565267,275.60986328125,271.0140380859375,272.9936383565267,0.1638227850198745,0.0750749111175537,0.11713745941718413
3550308,SP_São_Paulo,2024-01-28,0.0,0.0,0.0,8.874678769643651e-12,8.874678769643651e-12,8.874678769643651e-12,4.790479124494596e-11,4.790479124494596e-11,4.790479124494596e-11,2.294779964981095e-23,1.135959703518257e-25,4.836110727642873e-24,2.3135207757342493e-24,1.1454260343809091e-26,4.876396276350699e-25,0.0,0.0,0.0,4.799858288606629e-10,4.799858288606629e-10,4.799858288606629e-10,2.2346569039655148e-11,2.2346569039655148e-11,2.2346569039655148e-11,1.6874807613508543e-24,8.352459264480073e-27,3.556087667891344e-25,1.9099388737231493e-11,1.9099388737231493e-11,1.9099388737231493e-11,7.705239113420248e-09,7.705239113420248e-09,7.705239113420248e-09,277.85693359375,270.81597900390625,273.8302421569824,277.85693359375,270.81597900390625,273.8302421569824,0.2244524657726287,0.1072598323225975,0.15562849584966895
3550308,SP_São_Paulo,2024-01-29,0.0,0.0,0.0,8.93152218850446e-12,8.93152218850446e-12,8.93152218850446e-12,4.790479124494596e-11,4.790479124494596e-11,4.790479124494596e-11,7.611333785462193e-11,3.7680969455777813e-13,1.6039891637120718e-11,7.673861546209082e-12,3.799738301779598e-14,1.6173757934797213e-12,0.0,0.0,0.0,4.799858288606629e-10,4.799858288606629e-10,4.799858288606629e-10,2.2346569039655148e-11,2.2346569039655148e-11,2.2346569039655148e-11,5.595524044110789e-12,2.7700064464397656e-14,1.1792609712809228e-12,1.9099388737231493e-11,1.9099388737231493e-11,1.9099388737231493e-11,8.192728273570538e-09,7.708877092227341e-09,7.80831517962118e-09,277.84088134765625,265.94927978515625,271.3339551289876,277.84088134765625,265.94927978515625,271.3339551289876,0.1500845253467559,0.0591692216694355,0.10486123074466978
3550308,SP_São_Paulo,2024-01-30,0.0,0.0,0.0,8.984812893686467e-12,8.984812893686467e-12,8.984812893686467e-12,4.790479124494596e-11,4.790479124494596e-11,4.790479124494596e-11,1.1293049828609014e-14,5.591772704593989e-17,2.3802450263247835e-15,1.138845961978774e-15,5.637851296924623e-18,2.400223145418723e-16,0.0,0.0,0.0,4.799858288606629e-10,4.799858288606629e-10,4.799858288606629e-10,2.2346569039655148e-11,2.2346569039655148e-11,2.2346569039655148e-11,8.304988641238964e-16,4.111497925972374e-18,1.7501070060205239e-16,1.9099388737231493e-11,1.9099388737231493e-11,1.9099388737231493e-11,7.708877092227341e-09,7.708877092227341e-09,7.708877092227341e-09,272.0502319335937,263.18243408203125,268.0616289774577,272.0502319335937,263.18243408203125,268.0616289774577,0.1231122240424156,0.0462440252304077,0.09798745547110832
3550308,SP_São_Paulo,2024-01-31,0.0,0.0,0.0,9.038103598868474e-12,9.038103598868474e-12,9.038103598868474e-12,4.790479124494596e-11,4.790479124494596e-11,4.790479124494596e-11,2.981122293466143e-15,1.475870207295893e-17,6.282849945599828e-16,3.0064926243023043e-16,1.4882368883258057e-18,6.336081731170024e-17,0.0,0.0,0.0,4.799858288606629e-10,4.799858288606629e-10,4.799858288606629e-10,2.2346569039655148e-11,2.2346569039655148e-11,2.2346569039655148e-11,2.19225679276569e-16,1.085049205432759e-18,4.6200900358913515e-17,1.9099388737231493e-11,1.9099388737231493e-11,1.9099388737231493e-11,7.708877092227341e-09,7.708877092227341e-09,7.708877092227341e-09,276.0388488769531,263.0714416503906,268.6431694030762,276.0388488769531,263.0714416503906,268.6431694030762,0.524773895740509,0.1320591419935226,0.2793450411409139
3550308,SP_São_Paulo,2024-02-01,0.0,0.0,0.0,9.094947017729282e-12,9.094947017729282e-12,9.094947017729282e-12,4.790479124494596e-11,4.790479124494596e-11,4.790479124494596e-11,2.0929438737660178e-15,1.036429514260362e-17,4.411546642043001e-16,2.1109416298292766e-16,1.0452386569118066e-18,4.44869115436247e-17,0.0,0.0,0.0,4.799858288606629e-10,4.799858288606629e-10,4.799858288606629e-10,2.2346569039655148e-11,2.2346569039655148e-11,2.2346569039655148e-11,1.5390249838431735e-16,7.6190613605524325e-19,3.243961487438599e-17,1.9099388737231493e-11,1.9099388737231493e-11,1.9099388737231493e-11,7.712515071034431e-09,7.712515071034431e-09,7.712515071034431e-09,277.87188720703125,272.2762756347656,275.0688311258952,277.87188720703125,272.2762756347656,275.0688311258952,0.306460440158844,0.1783174127340316,0.21945174907644585
